Workbook

Sheet 故障件报废概览
A1: 产品线 | B1: 1月 | C1: 2月 | D1: 3月 | E1: 4月 | F1: 5月
A2: 服务器故障件-客户3年内 | B2: ①匹配故障件报废清单里”产品类别“为服务器项 ②匹配故障件报废清单里”是否保内“项为是 ③匹配故障件报废清单里”完成销账日期“在1月 ④匹配故障件报废清单里””报废价格“项求和
A3: 服务器故障件-客户3年外 | B3: ①匹配故障件报废清单里”产品类别“为服务器项 ②匹配故障件报废清单里”是否保内“项为否 ③匹配故障件报废清单里”完成销账日期“在1月 ④匹配故障件报废清单里””报废价格“项求和
A4: PC故障件-客户3年内 | B4: ①匹配故障件报废清单里”产品类别“为PC项 ②匹配故障件报废清单里”是否保内“项为是 ③匹配故障件报废清单里”完成销账日期“在1月 ④匹配故障件报废清单里””报废价格“项求和
A5: PC故障件-客户3年外 | B5: ①匹配故障件报废清单里”产品类别“为PC项 ②匹配故障件报废清单里”是否保内“项为否 ③匹配故障件报废清单里”完成销账日期“在1月 ④匹配故障件报废清单里””报废价格“项求和
A6: 网络故障件-客户3年内 | B6: 0 | C6: 0 | D6: 0 | E6: 0 | F6: 0
A7: 网络故障件-客户3年外 | B7: 0 | C7: 0 | D7: 0 | E7: 0 | F7: 0
A8: 合计 | B8: 列数求和 | C8: 列数求和 | D8: 列数求和 | E8: 列数求和 | F8: 列数求和

Sheet 故障件报废清单
A1: 筛选工单状态为“武汉报废库"
A2: 产品类别 | B2: 产生日期 | C2: 故障件返回日期 | D2: 维保起算日期 | E2: 维保截止日期 | F2: 是否保内 | G2: 工单号 | H2: 整机SN | I2: 物料号 | J2: 描述 | K2: 数量 | L2: SN | M2: 提交销账日期 | N2: 完成销账日期 | O2: 报废价格 （未税，13税） | P2: 报废原因说明 | Q2: 备注 | R2: 项目名称 | S2: CRM立项编号 | T2: 项目销售员 | U2: FY24考核区域／行业
A3: 以工单号匹配计算产品收发货表”类别: | B3: 工单建单日期 | C3: 工单建单日期 | D3: 以工单号匹配“报废基础数据”里维保开始时间 | E3: 以工单号匹配“报废基础数据”里维修结束时间 | F3: 以“维保截止日期”对比“产生日期”，大于产生日期，即保外，小于产生日期，即保内 | G3: 计算产品收发货表筛选“工单状态为”武汉废品库“ | H3: 参考“工单号匹配计算产品收发货表”整机SN" | I3: 参考“工单号匹配计算产品收发货表"报修物料号“ | J3: 参考”物料号“匹配溯源系统-服务器BOM组件信息的“物料描述” | K3: 1 | L3: 参考“工单号匹配计算产品收发货表"返回件SN" | M3: 人工 | N3: 人工 | O3: sap联动 | P3: 以SN比对报废基础数据“故障件类型” | R3: 参考整机SN匹配溯源系统-服务器整机存量信息的“项目名称” | S3: 参考整机SN匹配溯源系统-服务器整机存量信息的“CRM立项编号" | T3: 参考整机SN匹配溯源系统-服务器整机存量信息的“整机销售员" | U3: 以”CRM立项编号"对应“基础数据”里的“商机名称(必填)匹配"FY24考核区域／行业"列；搜索不到即为空

Sheet 报废基础数据
A1: CRM工单号 | B1: 换件单号 | C1: 维修单号 | D1: 故障件物料号 | E1: 备件名称 | F1: 描述 | G1: 故障现象（客户报） | H1: 故障件SN | I1: 产生时间 | J1: 故障现象（实测） | K1: 维保开始时间 | L1: 维修结束时间 | M1: 故障件类型 | N1: 备注 | O1: 供应商
A2: 20240309019213 | B2: 600000005920 | C2: 700000005014 | D2: 302-001241 | E2: HDD硬盘 | F2: S硬盘8T-3.5SATA-6G7.2K-256M-XS V1.0 | G2: =_xlfn.XLOOKUP(H2,[1]总表!$T:$T,[1]总表!$P:$P) -> 工单详情：用户来电报障，服务器DISK10 missing，告警码0x0200002D，需要带备件上门处理 备件物料号：302-001672 硬盘8T-SATA 6Gb/s-7.2K-3.5无托 DZ | H2: VR3066JK | I2: 45503 | J2: 用户来电报障，服务器DISK10 missing，告警码0x0200002D | K2: 44781 | L2: 45876 | M2: 外损，拒保 | N2: 外观损坏,2024/7/24紫光邮件确认不可维保 | O2: 紫光西部
A3: 20240619021587 | B3: 600000008899 | C3: 700000007290 | D3: 302-001169 | E3: 内存 | F3: S内存DDR4-32GB-2933-2Rank(2G*4bit) SX | G3: =_xlfn.XLOOKUP(H3,[1]总表!$T:$T,[1]总表!$P:$P) -> 工单详情：用户来电报障，BMC无告警，DIMM130存在大量CE记录，需要带备件上门处理 备件物料号：302-001169 S内存DDR4-32GB-2933-2Rank(2G*4bit) SX | H3: K09800012119E8128C | I3: 45503 | J3: 实测将备件接入系统后压力测试十分钟ECC内存纠错，BMC报错：0x0100002D、0x0100000D系统崩溃； | K3: 44377 | L3: 45472 | M3: 故障件过保 | N3: 2024/7/30浩天邮件鉴权过保 | O3: 浩天新诚
A4: 20240701021877 | B4: 600000009237 | C4: 700000007517 | D4: 302-001148 | E4: PC主板 | F4: 龙芯四核3A5000 PC主板 主频2.3GHz ZY | G4: =_xlfn.XLOOKUP(H4,[1]总表!$T:$T,[1]总表!$P:$P) -> 合肥市公安局监所管理支队一台电脑开机“滴滴”响无法开机，键鼠灯不亮，需要工程师带备件上门排查。 | H4: 30104ML5ALC213700791 | I4: 45503 | J4: 王义实测：开机“滴滴”响无法开机，键鼠灯不亮。 | K4: 44510 | L4: 44875 | M4: 故障件过保 | N4: CPU质保一年，故障件过保 | O4: 卓怡
A5: 20240703021971 | B5: 600000009279 | C5: 700000007676 | D5: 302-001813 | E5: 内存 | F5: S内存DDR4-32G-3200-2Rx4-RD SX V1.0 | G5: =_xlfn.XLOOKUP(H5,[1]总表!$T:$T,[1]总表!$P:$P) -> 工单详情：区域雷振昆报障，用户服务器内存存在ECC告警，暂无发收集日志，需要带备件上门处理 备件物料号：302-001813 S内存DDR4-32G-3200-2Rank(2G*4bit) SX | H5: SYD522022533CB7CED | I5: 45503 | J5: 服务器内存存在ECC告警 | K5: 44757 | L5: 45122 | M5: 故障件过保 | N5: 2024/7/24芯创联盟邮件鉴权过保 | O5: 芯创联盟
A6: 20240710022140 | B6: 600000009541 | C6: 700000007817 | D6: 302-000987 | E6: 内存 | F6: S内存DDR4-32G-3200-2Rx8-RD ZG V1.0 | G6: =_xlfn.XLOOKUP(H6,[1]总表!$T:$T,[1]总表!$P:$P) -> 工单详情：用户来电报障，服务器单条内存无法识别，无法提供日志，客户侧要求上门排查 | H6: 2K5200228303 | I6: 45503 | J6: 实测内存压力测试后会出现内存丢失 | K6: 44323 | L6: 45418 | M6: 故障件过保 | N6: 2024/7/25中电港邮件鉴权过保 | O6: 中电港
A7: 20240713022228 | B7: 600000009621 | C7: 700000007813 | D7: 302-000584 | E7: HDD | F7: S硬盘10T-3.5SATA-6G7.2K-256M-XS V1.0 | G7: =_xlfn.XLOOKUP(H7,[1]总表!$T:$T,[1]总表!$P:$P) -> 工单详情：客户来电报障，服务器告警0x02000007The disk Disk2 failure (SN:1EKR8U6Z).。需要安排人员上门处理 需派备件：302-000584 S硬盘10T-3.5SATA-6G7.2K-256M-XS V1.0 | H7: 2102312VWU10M5001021 | I7: 45503 | J7: 程帆实测，硬盘无法识别 | K7: 44429 | L7: 45158 | M7: 故障件过保 | O7: 华为
A8: 20240714022236 | B8: 600000009622 | C8: 700000007811 | D8: 302-001040 | E8: HDD | F8: S硬盘1.2T-2.5SAS-12G10K-128M-DZ V1.1 | G8: =_xlfn.XLOOKUP(H8,[1]总表!$T:$T,[1]总表!$P:$P) -> 工单详情：区域张永红报障，用户服务器存在硬盘故障，暂无日志，需要带备件上门处理 备件物料号：302-001040 硬盘1200G-SAS 12Gb/s-10K-2.5无托 DZ | H8: 6170A00SFRGH | I8: 45503 | J8: 程帆实测，硬盘无法识别 | K8: 44368 | L8: 20224/6/20 | M8: 故障件过保 | N8: 2024/7/25赞华邮件鉴权确认过保 | O8: 赞华
A9: 20240718022364 | B9: 600000009851 | C9: 700000007948 | D9: 302-001043 | E9: HDD | F9: S硬盘8T-3.5SATA-6G7.2K-256M-DZ V1.0 | G9: =_xlfn.XLOOKUP(H9,[1]总表!$T:$T,[1]总表!$P:$P) -> 工单详情：区域王瑞坤来电报障，服务器告警：0x0200002D The disk Disk7 is missing。需要安排备件上门排查 需派备件：302-001043硬盘8T-SATA 6Gb/s-7.2K-3.5无托 DZ | H9: 61F0A2Q9FDEH | I9: 45503 | J9: 实测设备上电进入系统后BMC告警：0x02000029 | K9: 44382 | L9: 45477 | M9: 故障件过保 | N9: 2024/7/29赞华邮件鉴权确认过保 | O9: 赞华
A10: 20240715022247 | B10: 600000009690 | C10: 700000007955 | D10: 302-000759 | E10: PC主板 | F10: 鲲鹏8核PC主板 D920S10 | G10: =_xlfn.XLOOKUP(H10,[1]总表!$T:$T,[1]总表!$P:$P) -> 厦门市自然资源规划局报修2台D220 台式机频繁死机，偶尔无法开机，电源指示灯亮但是键鼠灯不亮，需要工程师带备件上门排查。 | H10: 026WTBBBM2002304 | I10: 45503 | J10: 王义实测：无法开机（能上电，但是无法开机。风扇转，键盘灯不亮） | K10: 44262 | L10: 45357 | M10: 故障件过保 | N10: 2024/7/29华为邮件鉴权确认过保 | O10: 华为
A11: 20240718022386 | B11: 600000009721 | C11: 700000007961 | D11: 302-000325 | E11: RAID卡 | F11: RAID扣卡 SR450C 2GB(Avago3508) | G11: =_xlfn.XLOOKUP(H11,[1]总表!$T:$T,[1]总表!$P:$P) -> 工单详情：一线廖金辉来电报障，交通银行服务器宕机故障，经二线邓丽波分析，DIMM150及raid卡故障，需工程师上门更换处理 | H11: 2102312YJE10M4002011 | I11: 45503 | J11: 测试物料接入系统后无法进入系统卡在自检界面； | K11: 44401 | L11: 44765 | M11: 故障件过保 | O11: 华为
A12: 20240718022374 | B12: 600000009725 | C12: 700000007957 | D12: 302-001657 | E12: 光模块 | F12: 光模块-SFP28-25G-多模(850nm,0.1km,LC) | G12: =_xlfn.XLOOKUP(H12,[1]总表!$T:$T,[1]总表!$P:$P) -> 一线李玉玉报修湖南移动一台R722 服务器光模块不亮，需要工程师带备件上门排查。 | H12: HB224000235145 | I12: 45503 | J12: 实测设备接入系统后不亮，跟换同类设备正常 | K12: 44970 | L12: 45334 | M12: 故障件过保 | O12: 华为
A13: 20240718022393 | B13: 600000009825 | C13: 700000007999 | D13: 302-000759 | E13: PC主板 | F13: 鲲鹏8核PC主板 D920S10 | G13: =_xlfn.XLOOKUP(H13,[1]总表!$T:$T,[1]总表!$P:$P) -> 厦门市同安第二自然资源所报修一台D220 台式机频繁死机，需要工程师带备件上门排查。 | H13: 026WTBBBM2002003 | I13: 45503 | J13: 王义实测：两个硬盘接口都无法进系统，进BIOS看都是没有抓到硬盘。 | K13: 44262 | L13: 45357 | M13: 故障件过保 | N13: 2024/7/23华为邮件鉴权确认过保 | O13: 华为
A14: 20240716022278 | B14: 600000009826 | C14: 700000007997 | D14: 301-000012 | E14: PC键鼠套装 | F14: 有线键鼠套装 NT-K5332U XWT | G14: =_xlfn.XLOOKUP(H14,[1]总表!$T:$T,[1]总表!$P:$P) -> 厦门市双十中学海沧附属学校报修一个键盘故障，料号301-000012，需要工程师带备件上门处理。 | H14: MK000410M706007312 | I14: 45503 | J14: 王义实测：鼠标左键失效。 | K14: 44291 | L14: 45386 | M14: 故障件过保 | N14: 兴威特鼠键质保三年，故障件过保。鼠标物料号301-000011，SN为MK000310L329002574 | O14: 兴威特
A15: 20240719022433 | B15: 600000009790 | C15: 700000007993 | D15: 301-000012 | E15: PC键鼠套装 | F15: 有线键鼠套装 NT-K5332U XWT | G15: =_xlfn.XLOOKUP(H15,[1]总表!$T:$T,[1]总表!$P:$P) -> 北京中轩聪百科技有限公司报修2个键盘故障，插上后键盘灯不亮，需要直接邮寄给客户更换。 | H15: MK000410M528002227 | I15: 45503 | J15: 王义实测：键盘灯不亮，键盘失效。 | K15: 44291 | L15: 45386 | M15: 故障件过保 | N15: 兴威特鼠键质保三年，故障件过保。鼠标物料号301-000012，SN为MK000410M528002222 | O15: 兴威特
A16: 20240710022128 | B16: 600000009688 | C16: 700000007964 | D16: 301-000000 | E16: PC显示器 | F16: 显示器23.8寸FHD X2401WFSHD00A固定底座 | G16: =_xlfn.XLOOKUP(H16,[1]总表!$T:$T,[1]总表!$P:$P) -> 工程师上门显示器底座与屏幕不匹配，需要等备件到齐后再处理 | H16: XS000210L328000476 | I16: 45503 | J16: 实测，显示器上电后黑屏 | K16: 44283 | L16: 45378 | M16: 故障件过保 | N16: 完美显示器质保三年，故障件过保 | O16: 完美
A17: 20240715022248 | B17: 600000009692 | C17: 700000007953 | D17: 301-000000 | E17: PC显示器 | F17: 显示器23.8寸FHD X2401WFSHD00A固定底座 | G17: =_xlfn.XLOOKUP(H17,[1]总表!$T:$T,[1]总表!$P:$P) -> 厦门市自然资源规划局报修1台显示器黑屏不显示，交叉测试为显示器故障，需要工程师带备件上门处理。 | H17: XS000210L328000554 | I17: 45503 | J17: 实测，显示器上电后黑屏 | K17: 44283 | L17: 45378 | M17: 故障件过保 | N17: 完美显示器质保三年，故障件过保 | O17: 完美
A18: 20240719022413 | B18: 600000010022 | C18: 700000008160 | D18: 301-000000 | E18: PC显示器 | F18: 显示器23.8寸FHD X2401WFSHD00A固定底座 | G18: 广州市住房与建设局报修一台显示器有竖线，已排除HDMI、电源线的问题，需工程师带备件在工作日9:00~18:00上门处理。 | H18: XS000210L328000690 | I18: 45503 | J18: 王义实测：屏幕中间有一条线 | K18: 44283 | L18: 45378 | M18: 故障件过保 | N18: 完美显示器质保三年，故障件过保 | O18: 完美
A19: 20240722022454 | B19: 600000009846 | C19: 700000008152 | D19: 301-000000 | E19: PC显示器 | F19: 显示器23.8寸FHD X2401WFSHD00A固定底座 | G19: =_xlfn.XLOOKUP(H19,[1]总表!$T:$T,[1]总表!$P:$P) -> 工单详情：厦门市自然资源规划局报修1台显示器黑屏不显示，交叉测试为显示器故障，需要工程师带备件上门处理。 备件物料号：301-000000 显示器23.8寸FHD X2401WFSHD00A固定底座 | H19: XS000210L328000154 | I19: 45503 | J19: 王义实测：不显示 | K19: 44283 | L19: 45378 | M19: 故障件过保 | N19: 完美显示器质保三年，故障件过保 | O19: 完美
A20: 20240722022462 | B20: 600000009863 | C20: 700000008129 | D20: 301-000000 | E20: PC显示器 | F20: 显示器23.8寸FHD X2401WFSHD00A固定底座 | G20: =_xlfn.XLOOKUP(H20,[1]总表!$T:$T,[1]总表!$P:$P) -> 厦门市思明区自然资源规划局一台显示器（SN：XS000210L328000347）黑屏不显示，需要工程师带备件上门处理。 | H20: XS000210L328000347 | I20: 45503 | J20: 王义实测：不显示 | K20: 44283 | L20: 45378 | M20: 故障件过保 | N20: 完美显示器质保三年，故障件过保 | O20: 完美
A21: 20240722022473 | B21: 600000009862 | C21: 700000008130 | D21: 301-000000 | E21: PC显示器 | F21: 显示器23.8寸FHD X2401WFSHD00A固定底座 | G21: =_xlfn.XLOOKUP(H21,[1]总表!$T:$T,[1]总表!$P:$P) -> 厦门市自然资源规划局一台显示器（SN：XS000210L328000603）黑屏不显示，需要工程师带备件上门处理。 | H21: XS000210L328000603 | I21: 45503 | J21: 王义实测：不显示 | K21: 44283 | L21: 45378 | M21: 故障件过保 | N21: 完美显示器质保三年，故障件过保 | O21: 完美
A22: 20240722022481 | B22: 600000010021 | C22: 700000008161 | D22: 301-000000 | E22: PC显示器 | F22: 显示器23.8寸FHD X2401WFSHD00A固定底座 | G22: =_xlfn.XLOOKUP(H22,[1]总表!$T:$T,[1]总表!$P:$P) -> 广州市住房与建设局报修一台显示器逐渐黑屏，已排除电源、HDMI线等线材问题，需工程师带备件在工作日9:00~18:00上门处理。 | H22: XS000210L628000107 | I22: 45503 | J22: 王义实测：不显示 | K22: 44375 | L22: 45470 | M22: 故障件过保 | N22: 完美显示器质保三年，故障件过保 | O22: 完美
A23: 20240710022147 | B23: 600000009900 | C23: 700000008126 | D23: 301-000000 | E23: PC显示器 | F23: 显示器23.8寸FHD X2401WFSHD00A固定底座 | G23: =_xlfn.XLOOKUP(H23,[1]总表!$T:$T,[1]总表!$P:$P) -> 工程师客户现场报修厦门市自然资源规划局一台显示器故障，需要工程师带备件上门排查。 | H23: XS000210L328000119 | I23: 45503 | J23: 王义实测：不显示 | K23: 44283 | L23: 45378 | M23: 故障件过保 | N23: 完美显示器质保三年，故障件过保 | O23: 完美
A24: 20240715022238 | B24: 600000009836 | C24: 700000008104 | D24: 301-000000 | E24: PC显示器 | F24: 显示器23.8寸FHD X2401WFSHD00A固定底座 | G24: =_xlfn.XLOOKUP(H24,[1]总表!$T:$T,[1]总表!$P:$P) -> 厦门市集美区第二自然资源所一台显示器黑屏不显示，需要工程师带备件上门处理。 | H24: XS000210L328000215 | I24: 45503 | J24: 王义实测：不显示 | K24: 44283 | L24: 45378 | M24: 故障件过保 | N24: 完美显示器质保三年，故障件过保 | O24: 完美
A25: 20240717022354 | B25: 600000009841 | C25: 700000008158 | D25: 301-000000 | E25: PC显示器 | F25: 显示器23.8寸FHD X2401WFSHD00A固定底座 | G25: =_xlfn.XLOOKUP(H25,[1]总表!$T:$T,[1]总表!$P:$P) -> 厦门市思明区自然资源规划局一台显示器（SN：XS000210L328000371）黑屏不显示，需要工程师带备件上门处理。 | H25: XS000210L328000371 | I25: 45503 | J25: 王义实测：不显示 | K25: 44283 | L25: 45378 | M25: 故障件过保 | N25: 完美显示器质保三年，故障件过保 | O25: 完美
A26: 20240718022394 | B26: 600000009824 | C26: 700000008124 | D26: 301-000000 | E26: PC显示器 | F26: 显示器23.8寸FHD X2401WFSHD00A固定底座 | G26: =_xlfn.XLOOKUP(H26,[1]总表!$T:$T,[1]总表!$P:$P) -> 厦门市同安第二自然资源所报修一台显示器中间有一条红线，测试为显示器问题，需要工程师带备件上门处理。 | H26: XS000210L328001810 | I26: 45503 | J26: 王义实测：屏幕显示右边有一条竖线 | K26: 44283 | L26: 45378 | M26: 故障件过保 | N26: 完美显示器质保三年，故障件过保 | O26: 完美
A27: 20240611021384 | B27: 600000008866 | C27: 700000007274 | D27: 302-001644 | E27: 内存 | F27: S内存DDR4-32G-3200-2Rx4-RD HLS V1.0 | G27: =_xlfn.XLOOKUP(H27,[1]总表!$T:$T,[1]总表!$P:$P) -> 工单详情：asp沈思睿来电报障，建行服务器异常宕机，告警：0x0000001D CPU MCE/AER错误。查看日志内存DIMM111也存在报错，需要安排主板和内存上门处理。 需派备件： 302-001363 S主板S920S00-2*5220(32C@2.6)-AJ-VE-1711 302-001644 S内存DDR4-32G-3200-2Rx4-RD HLS V1.0 | H27: 80AD01220995F4011C | I27: 45503 | J27: 实测将备件接入系统后BMC告警：0x01000057； | K27: 甩货无维保 | L27: 甩货无维保 | M27: 甩货无维保 | N27: 2024/7/8质量陈仕鸿企微确认华为甩货 | O27: 华为甩货
A28: 20240621021658 | B28: 600000008936 | C28: 700000007284 | D28: 302-002047 | E28: 内存 | F28: S内存DDR4-32G-3200-2Rx8-RD HLS V1.1 | G28: =_xlfn.XLOOKUP(H28,[1]总表!$T:$T,[1]总表!$P:$P) -> 工单详情：区域何建明来电报障，服务器内存告警0x01000017 DIMM170 triggered an uncorrectable error。需要安排工程师上门处理 需派备件：302-001514 S内存DDR4-32G-3200-2Rx8-RD HLS V1.0 | H28: 80AD01220995F2C5F5 | I28: 45503 | J28: 实测内存接入系统BMC告警：0x01000017，并且系统崩溃。 | K28: 甩货无维保 | L28: 甩货无维保 | M28: 甩货无维保 | N28: 2024/7/8质量陈仕鸿企微确认华为甩货 | O28: 华为甩货
A29: 20240624021723 | B29: 600000009000 | C29: 700000007443 | D29: 302-001750 | E29: 内存 | F29: S内存DDR4-64G-3200-2Rank(4G*4bit) SX | G29: =_xlfn.XLOOKUP(H29,[1]总表!$T:$T,[1]总表!$P:$P) -> 工单详情：区域谭植玮来电表示服务器故障，iBMC日志内显示NAND flash告警，代码为：0x1A000043，查看fdm日志中DIMM020内存存在大量CE报错，且系统事件中DIMM020也存在0x0100000D，0x0100002D事件，需安排工程师带备件内存上门更换处理。 | H29: H0F7000309445E5321 | I29: 45503 | J29: BMC内存报错告警：0x1A000043 | K29: 甩货无维保 | L29: 甩货无维保 | M29: 甩货无维保 | N29: 2024/7/8质量陈仕鸿企微确认华为甩货 | O29: 华为甩货
A30: 20240628021847 | B30: 600000009137 | C30: 700000007378 | D30: 302-003159 | E30: 网卡 | F30: 网卡MCX512A-ACUT-2*25G-SFP28-PCIe3.0x8-无模块 | G30: =_xlfn.XLOOKUP(H30,[1]总表!$T:$T,[1]总表!$P:$P) -> 工单详情：前期王洋洋邮件报障，服务器网卡驱动安装异常那台，为快速解决问题，经二线万顺排查，优先更换网卡让华为重新再安装驱动。 需派备件：302-003159 网卡MCX512A-ACUT-2*25G-SFP28-PCIe3.0x8-无模块 | H30: MT2232474370 | I30: 45503 | J30: 实测，系统无法识别网卡，检查网卡驱动故障 | K30: 甩货无维保 | L30: 甩货无维保 | M30: 甩货无维保 | N30: 2024/7/8质量陈仕鸿企微确认华为甩货 | O30: 华为甩货
A31: 20240627021818 | B31: 600000009099 | C31: 700000007528 | D31: 302-003159 | E31: 网卡 | F31: 网卡MCX512A-ACUT-2*25G-SFP28-PCIe3.0x8-无模块 | G31: =_xlfn.XLOOKUP(H31,[1]总表!$T:$T,[1]总表!$P:$P) -> 前期报障应用户要求N+1备件。 工单详情：区域廖金辉表示服务器网卡故障，iBMC内无故障告警，但有一个网卡无法识别，需要派备件网卡上门排查处理 备件物料号：302-003159 网卡MCX512A-ACUT-2*25G-SFP28-PCIe3.0x8-无模块 | H31: MT2232455369 | I31: 45503 | J31: 程帆实测：BMC无法识别网卡 | K31: 甩货无维保 | L31: 甩货无维保 | M31: 甩货无维保 | N31: 2024/7/18质量陈仕鸿企微确认华为甩货 | O31: 华为甩货
A32: 20240510020558 | B32: 600000007749 | C32: 700000007609 | D32: 302-001115 | E32: 内存 | F32: S内存DDR4-32G-3200-2Rx4-RD SX V1.1 | G32: =_xlfn.XLOOKUP(H32,[1]总表!$T:$T,[1]总表!$P:$P) -> 工单详情：现场工程师李辉来电报障，用户服务器存在BBU告警，告警码0x08000039，DIMM040存在大量CE记录，需要带备件上门处理 备件物料号：302-001655 3508/3516 RAID卡超级电容 302-001115 S内存DDR4-32G-3200-2Rx4-RD SX V1.1 | H32: H1EC00022551CB2EB6 | I32: 45503 | J32: 服务器存在BBU告警，告警码0x08000039，DIMM040存在大量CE记录 | K32: 甩货无维保 | L32: 甩货无维保 | M32: 甩货无维保 | N32: 2024/7/18质量陈仕鸿企微确认华为甩货 | O32: 华为甩货
A33: 20240130018627 | B33: 600000005310 | C33: 700000007677 | D33: 302-001514 | E33: 内存 | F33: S内存DDR4-32G-3200-2Rx8-RD HLS V1.0 | G33: =_xlfn.XLOOKUP(H33,[1]总表!$T:$T,[1]总表!$P:$P) -> 工单详情：一线王洋洋来电报障，服务器硬盘故障，DIMM171错误，ibmc告警代码（0x01000017），需工程师上门更换处理 | H33: 80AD01212535AE9432 | I33: 45503 | J33: ibmc告警代码:0x01000017 | K33: 甩货无维保 | L33: 甩货无维保 | M33: 甩货无维保 | N33: 2024/7/18质量陈仕鸿企微确认华为甩货 | O33: 华为甩货
A34: 20240705022041 | B34: 600000009423 | C34: 700000007693 | D34: 302-001644 | E34: 内存 | F34: S内存DDR4-32G-3200-2Rx4-RD HLS V1.0 | G34: =_xlfn.XLOOKUP(H34,[1]总表!$T:$T,[1]总表!$P:$P) -> 工单详情：asp沈思睿来电报障，服务器告警DIMM120 health status degradation detected by PFAE (SN:272C8CB3)代码：0x0100002D，需要安排人员上门处理 需派备件：302-001644 S内存DDR4-32G-3200-2Rx4-RD HLS V1.0 | H34: 80AD022224272C8CB3 | I34: 45503 | J34: 告警DIMM120 health status degradation detected by PFAE (SN:272C8CB3)代码：0x0100002D | K34: 甩货无维保 | L34: 甩货无维保 | M34: 甩货无维保 | N34: 2024/7/18质量陈仕鸿企微确认华为甩货 | O34: 华为甩货
A35: 20240703021972 | B35: 600000009280 | C35: 700000007757 | D35: 302-001115 | E35: 内存 | F35: S内存DDR4-32G-3200-2Rx4-RD SX V1.1 | G35: =_xlfn.XLOOKUP(H35,[1]总表!$T:$T,[1]总表!$P:$P) -> 工单详情：区域雷振昆报障，用户服务器内存存在ECC告警，暂无发收集日志，需要带备件上门处理 备件物料号：302-001115 S内存DDR4-32G-3200-2Rx4-RD SX V1.1 | H35: H0KG00021550AB3B9F | I35: 45503 | J35: ibmc告警代码（0x01000057） | K35: 甩货无维保 | L35: 甩货无维保 | M35: 甩货无维保 | N35: 2024/7/18质量陈仕鸿企微确认华为甩货 | O35: 华为甩货
A36: 20240702021960 | B36: 600000009272 | C36: 700000007800 | D36: 302-001644 | E36: 内存 | F36: S内存DDR4-32G-3200-2Rx4-RD HLS V1.0 | G36: =_xlfn.XLOOKUP(H36,[1]总表!$T:$T,[1]总表!$P:$P) -> 工单详情：一线韩工反馈黑龙江移动服务器DIMM060内存故障，暂无法收集日志信息，劳烦请安排备件及工程师上门处理。 | H36: 80AD01221875A45F14 | I36: 45503 | J36: 测试物料接入后报错： 0x0100002D、0x0100000D； | K36: 甩货无维保 | L36: 甩货无维保 | M36: 甩货无维保 | N36: 2024/7/26质量陈仕鸿企微确认华为甩货 | O36: 华为甩货
A37: 20240713022224 | B37: 600000009607 | C37: 700000007835 | D37: 302-001644 | E37: 内存 | F37: S内存DDR4-32G-3200-2Rx4-RD HLS V1.0 | G37: =_xlfn.XLOOKUP(H37,[1]总表!$T:$T,[1]总表!$P:$P) -> 工单详情：ASP沈思睿来电报服务器内存问题，查看iBMC日志无当前告警，系统事件中有DIMM031异常事件，代码为：0x0100000D、0x0100002D，会降低系统性能，需安排工程师带备件内存上门处理。 | H37: 80AD0222272753041F | I37: 45503 | J37: 实测内存接入系统后BMC报错代码为：代码为：0x0100000D、0x0100002D | K37: 甩货无维保 | L37: 甩货无维保 | M37: 甩货无维保 | N37: 2024/7/26质量陈仕鸿企微确认华为甩货 | O37: 华为甩货
A38: 20240712022203 | B38: 600000009568 | C38: 700000007844 | D38: 302-000577 | E38: HDD | F38: S硬盘16T-3.5SATA-6G7.2K-256M-XJ V1.1 | G38: =_xlfn.XLOOKUP(H38,[1]总表!$T:$T,[1]总表!$P:$P) -> 工单详情：一线张彭云来电报障，服务器硬盘disk33状态miss，ibmc告警代码（0x0200002D），需工程师上门处理 | H38: ZRS0LDFQ | I38: 45503 | J38: 程帆实测：硬盘无法识别 | K38: 甩货无维保 | L38: 甩货无维保 | M38: 甩货无维保 | N38: 2024/7/26质量陈仕鸿企微确认华为甩货 | O38: 华为甩货
... A41: 20240718022381 | B41: 600000009778 | C41: 700000007941 | D41: 302-001241 | E41: HDD | F41: S硬盘8T-3.5SATA-6G7.2K-256M-XS-[AVAP] | G41: =_xlfn.XLOOKUP(H41,[1]总表!$T:$T,[1]总表!$P:$P) -> 一线王瑞坤报修一台R724 服务器IBMC硬盘告警，事件码“0x0200002D、0x02000027”，disk14硬盘严重告警，硬盘丢失，需要工程师带备件上门排查。 | H41: VY0LULGM | I41: 45503 | J41: 实测设备上电进入系统后BMC告警：0x0200002B | K41: 甩货无维保 | L41: 甩货无维保 | M41: 甩货无维保 | N41: 2024/7/26质量陈仕鸿企微确认华为甩货 | O41: 华为甩货
