Workbook

Sheet 需求1欠料调拨
A1: 新建模块：欠料调拨
A2: 物料代码 | B2: 捆绑料号 | C2: 物料描述 | D2: 名称 | E2: 欠料城市 | F2: 欠料数量 | G2: 调拨城市 | H2: 调拨城市库存 | I2: 服务时效 | J2: 销售数量 | K2: 武汉总库库存 | L2: 区域L1库 | M2: 区域一级库库存 | N2: 计划员备注
A3: 系统自动抓取，条件1只抓"备料总表"中,当物料代码=捆绑料号且销量>0且库存量=0的物料代码。条件2只抓替代料备料总表中的捆绑料号，销量>0且库存量=0的捆绑料号作为物料代码。 ②此字段也支持手动导入或手工创建 | B3: 根据A列条件1成立显示备料总表捆绑料号，条件2成立显示替代料备料总表的捆绑料号 | C3: 根据A列“物料代码”到对应模块中抓取“物料描述”，如A列是条件1则抓取备料总表的物料描述，如是条件2则抓取“捆绑料号”模块下的描述，如99-打头捆绑料号，描述则选取任一名称即可，如是88-打头则选取描述中不带“机箱”字样中的任一描述即可 | D3: 根据A列“物料代码”到对应模块中抓取“名称”，如A列是条件1则抓取备料总表的名称，如是条件2则抓取替代料备料总表的名称 | E3: 根据A列物料代码，等于备料总表或替代料备料总表的“城市”=欠料城市 ②此字段也支持手动导入或手工创建 | F3: 根据A列物料代码和E列城市来关联匹配“备料总表”或“替代料备料总表”的缺口等于欠料数量。含高时效缺口标红，ND缺口标黄色。条件1成立通过A列物料代码和E列城市抓取备料总表的“缺口”数量。条件2成立通过A列物料代码和E列城市抓取替代料备料总表的“缺口”数量 | G3: 根据E列欠料城市=WMS库房分配表中“库存地”，关联出“备选库”，调拨城市=备选库 | H3: 等于A列物料代码，当条件1成立，则抓取各库区库存中物料代码在调拨城市中的汇总库存数量。当条件2成立，则抓取各库区库存中捆绑料号在调拨城市中的汇总后库存数量 | I3: 用A列物料代码条件1成立，关联汇总看板，E列欠料城市=汇总看板“库存地点”，则做“服务时效”比对，比对逻辑同生产系统PO单服务时效一样，得出服务时效。 比对逻辑： | J3: 以B列捆绑料号+E列欠料城市汇总“汇总看板”总数量 | K3: 以B列捆绑料号为准，汇总各库区库存“武汉”总数量 | L3: WMS库房分配表中最尾新增一个“区域一级库”，手动导入维护区域一级库， | M3: 根据B列捆绑料号，抓取汇总对应区域L1库的库存数量 | N3: 支持手动或者导入输入备注
A4: ①302-000471 | B4: 302-000471 | C4: 电缆-SlimLine-Riser1_背板-R62X | D4: 线缆 | E4: 福州 | F4: -1 | G4: 厦门 | H4: 0 | I4: 2H/4H | J4: 35 | K4: 1
A5: 条件①"备料总表"中,物料代码=捆绑料号且销量>0且库存量=0的物料代码
A6: ②99-000413 | B6: 99-000413 | C6: S主板 S920X02-5250-AF 4*(920,48C)1711-3A | D6: 主板 | E6: 东莞 | F6: -1 | G6: 广州 | H6: 1 | I6: 2H/4H | J6: 1 | K6: 2
A7: 条件②替代料备料总表中的捆绑料号，销量>0且库存量=0的捆绑料号。 | E7: 武汉项目=武汉项目
A9: 条件1截图案例
H10: 服务时效比对逻辑 | I10: 时效包含如下任一 | J10: 优先级 | K10: 显示内容
I11: 7*24*2H | J11: 第一梯队 | K11: 2H/4H
I12: 7*24*4H
I13: 7*24*ND | J13: 第二梯队 | K13: ND
I14: 7x24x5CD
I15: 7*24*3CD
I16: 基础保修 | J16: 第三梯队 | K16: 基础保修
A43: 条件2截图案例

Sheet 需求2本地库存查询优化
A1: 导入日期 | B1: 料号 | C1: 描述 | D1: 备件类别 | E1: 备注 | F1: 库房 | G1: 数量 | H1: 捆绑料号 | I1: 补库单状态 | J1: 发料日期 | K1: 库房剩余数量 | L1: 缺口 | M1: 当前武汉库存 | N1: 原料号武汉库存 | O1: 推荐补料料号 | P1: 项目名 | Q1: CRM立项编号 | R1: 校验库房 | S1: 校验捆绑料号
A2: 45944 | B2: 302-000174 | C2: 光模块-SFP+-10G-多模(850nm,0.3km,LC) | D2: 光模块 | F2: 佛山 | G2: 1 | H2: 99-000381 | K2: 9 | L2: 5 | M2: 99 | N2: 3 | O2: 302-001797 | P2: 手动导入 | Q2: 手动导入 | R2: 根据P列项目名或Q列CRM立项编号和F列库房，关联BOM总表“项目名”或“CRM立项编号”和“库存地点”，数据能关联匹配ok，则显示“√”，否则显示“×”。 | S2: 根据H列捆绑料号和F列库房，关联BOM总表“捆绑料号”和“库存地点”，数据能关联匹配ok，则显示“√”，否则显示“×”。

Sheet 截止目前未发货2
A1: 料号 | B1: 捆绑 | C1: 描述 | D1: 备件类别 | E1: 库区 | F1: 欠料数量 | G1: 备注 | H1: 2025/9/30武汉库存 | I1: 备注
A2: 302-000145 | B2: =A2 -> 302-000145 | C2: =VLOOKUP(A2,[1]备料总表!$B:$I,2,0) -> 4*3.5"后置硬盘背板(Riser1+2)组件(SAS/SATA) | D2: =VLOOKUP(A2,[1]备料总表!$B:$I,4,0) -> 后置硬盘背板 | E2: 济南 | F2: 1 | G2: nd3，北京供应或武汉供应 | H2: =VLOOKUP(B2,[2]各库区库存!$A:$B,2,0) -> 302-000145
A3: 302-000154 | B3: =A3 -> 302-000154 | C3: =VLOOKUP(A3,[1]备料总表!$B:$I,2,0) -> Riser3模组 2*16X SLOT (PCIE X8)DMINI | D3: =VLOOKUP(A3,[1]备料总表!$B:$I,4,0) -> Riser模组 | E3: 广州 | F3: 1 | G3: nd1，厦门有1供应，十五所KJ185项目 | H3: =VLOOKUP(B3,[2]各库区库存!$A:$B,2,0) -> 302-000154
A4: 302-000159 | B4: =A4 -> 302-000159 | C4: =VLOOKUP(A4,[1]备料总表!$B:$I,2,0) -> 网卡4*10GE(Hi1822)-SFP+-PCIe3.0x8 | D4: =VLOOKUP(A4,[1]备料总表!$B:$I,4,0) -> 网卡 | E4: 广州 | F4: 1 | G4: nd1，厦门有1供应，十五所KJ185项目 | H4: =VLOOKUP(B4,[2]各库区库存!$A:$B,2,0) -> 302-000159
A5: 302-000224 | B5: =A5 -> 302-000224 | C5: =VLOOKUP(A5,[1]备料总表!$B:$I,2,0) -> SSD S4510-480G-SATA-6G-2.5读取YTL V1.0 | D5: =VLOOKUP(A5,[1]备料总表!$B:$I,4,0) -> 硬盘 | E5: 沈阳 | F5: 1 | G5: 沈阳有750硬盘3pcs可替。产品白文飞：第三方应用的兼容需求，必须华为云、腾讯云啥的，如果没有就同69下750可以替换.2025/1/21韩洋回复这就一台机器，基本不涉及云类的应用。 | H5: =VLOOKUP(B5,[2]各库区库存!$A:$B,2,0) -> 302-000224
A6: 302-000298 | B6: =A6 -> 302-000298 | C6: =VLOOKUP(A6,[1]备料总表!$B:$I,2,0) -> 内置2.5寸硬盘背板-BC82HBBA | D6: =VLOOKUP(A6,[1]备料总表!$B:$I,4,0) -> 后置硬盘背板 | E6: 海口 | F6: 1 | G6: nd44，广州有302-000346 2pcs上级组件 | H6: =VLOOKUP(B6,[2]各库区库存!$A:$B,2,0) -> 302-000298
A7: 302-000370 | B7: =A7 -> 302-000370 | C7: =VLOOKUP(A7,[1]备料总表!$B:$I,2,0) -> 后置PSU 4*2.5硬盘背板组件 | D7: =VLOOKUP(A7,[1]备料总表!$B:$I,4,0) -> 后置硬盘背板 | E7: 南京 | F7: 1 | G7: nd5，暂同合肥供应 | H7: =VLOOKUP(B7,[2]各库区库存!$A:$B,2,0) -> 302-000370
A8: 302-000471 | B8: =A8 -> 302-000471 | C8: =VLOOKUP(A8,[1]备料总表!$B:$I,2,0) -> 电缆-SlimLine-Riser1_背板-R62X | D8: =VLOOKUP(A8,[1]备料总表!$B:$I,4,0) -> 线缆 | E8: 乌鲁木齐 | F8: 1 | G8: 5 | H8: =VLOOKUP(B8,[2]各库区库存!$A:$B,2,0) -> 302-000471
A9: 302-000471 | B9: =A9 -> 302-000471 | C9: =VLOOKUP(A9,[1]备料总表!$B:$I,2,0) -> 电缆-SlimLine-Riser1_背板-R62X | D9: =VLOOKUP(A9,[1]备料总表!$B:$I,4,0) -> 线缆 | E9: 长春 | F9: 1 | G9: 36 | H9: =VLOOKUP(B9,[2]各库区库存!$A:$B,2,0) -> 302-000471
A10: 302-000471 | B10: =A10 -> 302-000471 | C10: =VLOOKUP(A10,[1]备料总表!$B:$I,2,0) -> 电缆-SlimLine-Riser1_背板-R62X | D10: =VLOOKUP(A10,[1]备料总表!$B:$I,4,0) -> 线缆 | E10: 杭州 | F10: 1 | G10: 55 | H10: =VLOOKUP(B10,[2]各库区库存!$A:$B,2,0) -> 302-000471
A11: 302-000471 | B11: =A11 -> 302-000471 | C11: =VLOOKUP(A11,[1]备料总表!$B:$I,2,0) -> 电缆-SlimLine-Riser1_背板-R62X | D11: =VLOOKUP(A11,[1]备料总表!$B:$I,4,0) -> 线缆 | E11: 上海 | F11: 1 | G11: 55 | H11: =VLOOKUP(B11,[2]各库区库存!$A:$B,2,0) -> 302-000471
A12: 302-000471 | B12: =A12 -> 302-000471 | C12: =VLOOKUP(A12,[1]备料总表!$B:$I,2,0) -> 电缆-SlimLine-Riser1_背板-R62X | D12: =VLOOKUP(A12,[1]备料总表!$B:$I,4,0) -> 线缆 | E12: 厦门 | F12: 1 | G12: 28 | H12: =VLOOKUP(B12,[2]各库区库存!$A:$B,2,0) -> 302-000471
A13: 302-000471 | B13: =A13 -> 302-000471 | C13: =VLOOKUP(A13,[1]备料总表!$B:$I,2,0) -> 电缆-SlimLine-Riser1_背板-R62X | D13: =VLOOKUP(A13,[1]备料总表!$B:$I,4,0) -> 线缆 | E13: 哈尔滨 | F13: 1 | G13: 40 | H13: =VLOOKUP(B13,[2]各库区库存!$A:$B,2,0) -> 302-000471
A14: 302-000471 | B14: =A14 -> 302-000471 | C14: =VLOOKUP(A14,[1]备料总表!$B:$I,2,0) -> 电缆-SlimLine-Riser1_背板-R62X | D14: =VLOOKUP(A14,[1]备料总表!$B:$I,4,0) -> 线缆 | E14: 成都 | F14: 1 | G14: 19 | H14: =VLOOKUP(B14,[2]各库区库存!$A:$B,2,0) -> 302-000471
A15: 302-000471 | B15: =A15 -> 302-000471 | C15: =VLOOKUP(A15,[1]备料总表!$B:$I,2,0) -> 电缆-SlimLine-Riser1_背板-R62X | D15: =VLOOKUP(A15,[1]备料总表!$B:$I,4,0) -> 线缆 | E15: 济南 | F15: 1 | G15: 1 | H15: =VLOOKUP(B15,[2]各库区库存!$A:$B,2,0) -> 302-000471
A16: 302-000471 | B16: =A16 -> 302-000471 | C16: =VLOOKUP(A16,[1]备料总表!$B:$I,2,0) -> 电缆-SlimLine-Riser1_背板-R62X | D16: =VLOOKUP(A16,[1]备料总表!$B:$I,4,0) -> 线缆 | E16: 西安 | F16: 1 | G16: 11 | H16: =VLOOKUP(B16,[2]各库区库存!$A:$B,2,0) -> 302-000471
A17: 302-000471 | B17: =A17 -> 302-000471 | C17: =VLOOKUP(A17,[1]备料总表!$B:$I,2,0) -> 电缆-SlimLine-Riser1_背板-R62X | D17: =VLOOKUP(A17,[1]备料总表!$B:$I,4,0) -> 线缆 | E17: 呼和浩特 | F17: 1 | G17: 4 | H17: =VLOOKUP(B17,[2]各库区库存!$A:$B,2,0) -> 302-000471
A18: 302-000471 | B18: =A18 -> 302-000471 | C18: =VLOOKUP(A18,[1]备料总表!$B:$I,2,0) -> 电缆-SlimLine-Riser1_背板-R62X | D18: =VLOOKUP(A18,[1]备料总表!$B:$I,4,0) -> 线缆 | E18: 福州 | F18: 1 | G18: 4H14,nd21 | H18: =VLOOKUP(B18,[2]各库区库存!$A:$B,2,0) -> 302-000471
A19: 302-000471 | B19: =A19 -> 302-000471 | C19: =VLOOKUP(A19,[1]备料总表!$B:$I,2,0) -> 电缆-SlimLine-Riser1_背板-R62X | D19: =VLOOKUP(A19,[1]备料总表!$B:$I,4,0) -> 线缆 | E19: 广州 | F19: 1 | G19: 15 | H19: =VLOOKUP(B19,[2]各库区库存!$A:$B,2,0) -> 302-000471
A20: 302-000471 | B20: =A20 -> 302-000471 | C20: =VLOOKUP(A20,[1]备料总表!$B:$I,2,0) -> 电缆-SlimLine-Riser1_背板-R62X | D20: =VLOOKUP(A20,[1]备料总表!$B:$I,4,0) -> 线缆 | E20: 太原 | F20: 1 | G20: 8 | H20: =VLOOKUP(B20,[2]各库区库存!$A:$B,2,0) -> 302-000471
A21: 302-001139 | B21: =A21 -> 302-001139 | C21: =VLOOKUP(A21,[1]备料总表!$B:$I,2,0) -> S主板920X02K-5251K 4*(920,48C),4*GE | D21: =VLOOKUP(A21,[1]备料总表!$B:$I,4,0) -> 主板 | E21: 呼和浩特 | F21: 1 | G21: nd3，北京有1共用 | H21: =VLOOKUP(B21,[2]各库区库存!$A:$B,2,0) -> 302-001139
A22: 302-001139 | B22: =A22 -> 302-001139 | C22: =VLOOKUP(A22,[1]备料总表!$B:$I,2,0) -> S主板920X02K-5251K 4*(920,48C),4*GE | D22: =VLOOKUP(A22,[1]备料总表!$B:$I,4,0) -> 主板 | E22: 哈尔滨 | F22: 1 | G22: nd14，北京1共用 | H22: =VLOOKUP(B22,[2]各库区库存!$A:$B,2,0) -> 302-001139
A23: 302-001139 | B23: =A23 -> 302-001139 | C23: =VLOOKUP(A23,[1]备料总表!$B:$I,2,0) -> S主板920X02K-5251K 4*(920,48C),4*GE | D23: =VLOOKUP(A23,[1]备料总表!$B:$I,4,0) -> 主板 | E23: 福州 | F23: 1 | G23: nd4，武汉人肉供应 | H23: =VLOOKUP(B23,[2]各库区库存!$A:$B,2,0) -> 302-001139
A24: 302-001139 | B24: =A24 -> 302-001139 | C24: =VLOOKUP(A24,[1]备料总表!$B:$I,2,0) -> S主板920X02K-5251K 4*(920,48C),4*GE | D24: =VLOOKUP(A24,[1]备料总表!$B:$I,4,0) -> 主板 | E24: 成都 | F24: 1 | G24: nd1，武汉人肉供应 | H24: =VLOOKUP(B24,[2]各库区库存!$A:$B,2,0) -> 302-001139
A25: 302-001139 | B25: =A25 -> 302-001139 | C25: =VLOOKUP(A25,[1]备料总表!$B:$I,2,0) -> S主板920X02K-5251K 4*(920,48C),4*GE | D25: =VLOOKUP(A25,[1]备料总表!$B:$I,4,0) -> 主板 | E25: 兰州 | F25: 1 | G25: nd1，武汉人肉供应 | H25: =VLOOKUP(B25,[2]各库区库存!$A:$B,2,0) -> 302-001139
A26: 302-001139 | B26: =A26 -> 302-001139 | C26: =VLOOKUP(A26,[1]备料总表!$B:$I,2,0) -> S主板920X02K-5251K 4*(920,48C),4*GE | D26: =VLOOKUP(A26,[1]备料总表!$B:$I,4,0) -> 主板 | E26: 厦门 | F26: 1 | G26: nd2，武汉人肉供应 | H26: =VLOOKUP(B26,[2]各库区库存!$A:$B,2,0) -> 302-001139
A27: 302-001139 | B27: =A27 -> 302-001139 | C27: =VLOOKUP(A27,[1]备料总表!$B:$I,2,0) -> S主板920X02K-5251K 4*(920,48C),4*GE | D27: =VLOOKUP(A27,[1]备料总表!$B:$I,4,0) -> 主板 | E27: 上海 | F27: 1 | G27: nd1，武汉人肉供应 | H27: =VLOOKUP(B27,[2]各库区库存!$A:$B,2,0) -> 302-001139
A28: 302-001139 | B28: =A28 -> 302-001139 | C28: =VLOOKUP(A28,[1]备料总表!$B:$I,2,0) -> S主板920X02K-5251K 4*(920,48C),4*GE | D28: =VLOOKUP(A28,[1]备料总表!$B:$I,4,0) -> 主板 | E28: 海口 | F28: 1 | G28: nd1，武汉人肉供应 | H28: =VLOOKUP(B28,[2]各库区库存!$A:$B,2,0) -> 302-001139
A29: 302-001139 | B29: =A29 -> 302-001139 | C29: =VLOOKUP(A29,[1]备料总表!$B:$I,2,0) -> S主板920X02K-5251K 4*(920,48C),4*GE | D29: =VLOOKUP(A29,[1]备料总表!$B:$I,4,0) -> 主板 | E29: 石家庄 | F29: 1 | G29: nd3，北京供应 | H29: =VLOOKUP(B29,[2]各库区库存!$A:$B,2,0) -> 302-001139
A30: 302-001139 | B30: =A30 -> 302-001139 | C30: =VLOOKUP(A30,[1]备料总表!$B:$I,2,0) -> S主板920X02K-5251K 4*(920,48C),4*GE | D30: =VLOOKUP(A30,[1]备料总表!$B:$I,4,0) -> 主板 | E30: 杭州 | F30: 1 | G30: nd2，武汉供应 | H30: =VLOOKUP(B30,[2]各库区库存!$A:$B,2,0) -> 302-001139
A31: 302-001139 | B31: =A31 -> 302-001139 | C31: =VLOOKUP(A31,[1]备料总表!$B:$I,2,0) -> S主板920X02K-5251K 4*(920,48C),4*GE | D31: =VLOOKUP(A31,[1]备料总表!$B:$I,4,0) -> 主板 | E31: 太原 | F31: 1 | G31: nd6，北京1共用 | H31: =VLOOKUP(B31,[2]各库区库存!$A:$B,2,0) -> 302-001139
A32: 302-001139 | B32: =A32 -> 302-001139 | C32: =VLOOKUP(A32,[1]备料总表!$B:$I,2,0) -> S主板920X02K-5251K 4*(920,48C),4*GE | D32: =VLOOKUP(A32,[1]备料总表!$B:$I,4,0) -> 主板 | E32: 贵阳 | F32: 1 | G32: nd3，武汉供应 | H32: =VLOOKUP(B32,[2]各库区库存!$A:$B,2,0) -> 302-001139
... A111: 302-004225 | B111: =A111 -> 302-004225 | C111: =VLOOKUP(A111,[1]备料总表!$B:$I,2,0) -> 高速板对板连接器模组-74-UBC 8X 直式-UBC 8X 直式-120mm-0.16mm-10mm-5000MB/s-1.57mm-电缆安装型-低成本 5Gbps 线缆-是 | D111: =VLOOKUP(A111,[1]备料总表!$B:$I,4,0) -> 线缆 | E111: 长春 | F111: 1 | G111: nd76，北京有1可供应，一汽大众OEM-920B设备,稀缺线缆 | H111: =VLOOKUP(B111,[2]各库区库存!$A:$B,2,0) -> 302-004225
A112: 302-000493 | B112: =VLOOKUP(A112,[1]备料总表!$B:$I,8,0) -> 88-000493 | C112: =VLOOKUP(A112,[1]备料总表!$B:$I,2,0) -> 背板-8SAS+12NVME-NVMe4.0 | D112: =VLOOKUP(A112,[1]备料总表!$B:$I,4,0) -> 机箱/硬盘背板 | E112: 广州 | F112: 1 | G112: nd15，联通项目，福州供应，稀缺件 | H112: =VLOOKUP(B112,[2]各库区库存!$A:$B,2,0) -> #N/A
A113: 302-000493 | B113: =VLOOKUP(A113,[1]备料总表!$B:$I,8,0) -> 88-000493 | C113: =VLOOKUP(A113,[1]备料总表!$B:$I,2,0) -> 背板-8SAS+12NVME-NVMe4.0 | D113: =VLOOKUP(A113,[1]备料总表!$B:$I,4,0) -> 机箱/硬盘背板 | E113: 呼和浩特 | F113: 1 | G113: nd4，北京供应 | H113: =VLOOKUP(B113,[2]各库区库存!$A:$B,2,0) -> #N/A
A114: 302-000493 | B114: =VLOOKUP(A114,[1]备料总表!$B:$I,8,0) -> 88-000493 | C114: =VLOOKUP(A114,[1]备料总表!$B:$I,2,0) -> 背板-8SAS+12NVME-NVMe4.0 | D114: =VLOOKUP(A114,[1]备料总表!$B:$I,4,0) -> 机箱/硬盘背板 | E114: 济南 | F114: 1 | G114: nd1，北京供应 | H114: =VLOOKUP(B114,[2]各库区库存!$A:$B,2,0) -> #N/A
A115: 302-000493 | B115: =VLOOKUP(A115,[1]备料总表!$B:$I,8,0) -> 88-000493 | C115: =VLOOKUP(A115,[1]备料总表!$B:$I,2,0) -> 背板-8SAS+12NVME-NVMe4.0 | D115: =VLOOKUP(A115,[1]备料总表!$B:$I,4,0) -> 机箱/硬盘背板 | E115: 厦门 | F115: 1 | G115: nd28，福州供应 | H115: =VLOOKUP(B115,[2]各库区库存!$A:$B,2,0) -> #N/A
A116: 302-000493 | B116: =VLOOKUP(A116,[1]备料总表!$B:$I,8,0) -> 88-000493 | C116: =VLOOKUP(A116,[1]备料总表!$B:$I,2,0) -> 背板-8SAS+12NVME-NVMe4.0 | D116: =VLOOKUP(A116,[1]备料总表!$B:$I,4,0) -> 机箱/硬盘背板 | E116: 长春 | F116: 1 | G116: nd36，北京或哈尔滨供应，一汽大众 | H116: =VLOOKUP(B116,[2]各库区库存!$A:$B,2,0) -> #N/A
A117: 302-000493 | B117: =VLOOKUP(A117,[1]备料总表!$B:$I,8,0) -> 88-000493 | C117: =VLOOKUP(A117,[1]备料总表!$B:$I,2,0) -> 背板-8SAS+12NVME-NVMe4.0 | D117: =VLOOKUP(A117,[1]备料总表!$B:$I,4,0) -> 机箱/硬盘背板 | E117: 太原 | F117: 1 | G117: nd8，北京供应 | H117: =VLOOKUP(B117,[2]各库区库存!$A:$B,2,0) -> #N/A
A118: 302-000493 | B118: =VLOOKUP(A118,[1]备料总表!$B:$I,8,0) -> 88-000493 | C118: =VLOOKUP(A118,[1]备料总表!$B:$I,2,0) -> 背板-8SAS+12NVME-NVMe4.0 | D118: =VLOOKUP(A118,[1]备料总表!$B:$I,4,0) -> 机箱/硬盘背板 | E118: 西安 | F118: 1 | G118: nd4，武汉供应 | H118: =VLOOKUP(B118,[2]各库区库存!$A:$B,2,0) -> #N/A
A119: 302-001775 | B119: =VLOOKUP(A119,[1]备料总表!$B:$I,8,0) -> 88-001775 | C119: =VLOOKUP(A119,[1]备料总表!$B:$I,2,0) -> 25*2.5寸EXP硬盘背板 | D119: =VLOOKUP(A119,[1]备料总表!$B:$I,4,0) -> 机箱/硬盘背板 | E119: 东莞 | F119: 1 | G119: 南网4H，暂同广州供应 | H119: =VLOOKUP(B119,[2]各库区库存!$A:$B,2,0) -> #N/A
A120: 302-001775 | B120: =VLOOKUP(A120,[1]备料总表!$B:$I,8,0) -> 88-001775 | C120: =VLOOKUP(A120,[1]备料总表!$B:$I,2,0) -> 25*2.5寸EXP硬盘背板 | D120: =VLOOKUP(A120,[1]备料总表!$B:$I,4,0) -> 机箱/硬盘背板 | E120: 哈尔滨 | F120: 1 | G120: nd3，已放3145+3470+3471，北京有1供应 | H120: =VLOOKUP(B120,[2]各库区库存!$A:$B,2,0) -> #N/A
A121: 302-001775 | B121: =VLOOKUP(A121,[1]备料总表!$B:$I,8,0) -> 88-001775 | C121: =VLOOKUP(A121,[1]备料总表!$B:$I,2,0) -> 25*2.5寸EXP硬盘背板 | D121: =VLOOKUP(A121,[1]备料总表!$B:$I,4,0) -> 机箱/硬盘背板 | E121: 呼和浩特 | F121: 1 | G121: nd3，已放3145+3470+3471，北京有1供应 | H121: =VLOOKUP(B121,[2]各库区库存!$A:$B,2,0) -> #N/A
A122: 302-001775 | B122: =VLOOKUP(A122,[1]备料总表!$B:$I,8,0) -> 88-001775 | C122: =VLOOKUP(A122,[1]备料总表!$B:$I,2,0) -> 25*2.5寸EXP硬盘背板 | D122: =VLOOKUP(A122,[1]备料总表!$B:$I,4,0) -> 机箱/硬盘背板 | E122: 成都 | F122: 1 | G122: nd1，已放3145+3470+3471武汉供应 | H122: =VLOOKUP(B122,[2]各库区库存!$A:$B,2,0) -> #N/A
A123: 302-002609 | B123: =VLOOKUP(A123,[1]备料总表!$B:$I,8,0) -> 88-002609 | C123: =VLOOKUP(A123,[1]备料总表!$B:$I,2,0) -> 制成板IT21BP8A-八80风扇+SSD背板A-0XC1-2*1 | D123: =VLOOKUP(A123,[1]备料总表!$B:$I,4,0) -> 机箱/硬盘背板 | E123: 上海 | F123: 1 | G123: nd1，北京有1共用，从304000217拆解来 | H123: =VLOOKUP(B123,[2]各库区库存!$A:$B,2,0) -> #N/A
... A279: 302-004167 | B279: =VLOOKUP(A279,[1]备料总表!$B:$I,8,0) -> 99-004167 | C279: =VLOOKUP(A279,[1]备料总表!$B:$I,2,0) -> 64GB显存_HCCS_910_B4_1-昇腾910 AI 风冷模组 | D279: =VLOOKUP(A279,[1]备料总表!$B:$I,4,0) -> NPU模组 | E279: 合肥 | F279: 1 | G279: nd27，A924物料，上海供应 | H279: =VLOOKUP(B279,[2]各库区库存!$A:$B,2,0) -> #N/A
A280: 302-004082 | B280: =A280 -> 302-004082 | C280: 内存DDR4-32G-2400-2R×4 HLS | D280: 内存 | E280: 成都 | F280: 1 | G280: nd583，待永红总确认是否需要鲲泰服务，溯源系统显示“无服务” | H280: =VLOOKUP(B280,[2]各库区库存!$A:$B,2,0) -> #N/A
A281: 302-003754 | B281: =A281 -> 302-003754 | C281: 内存/32G/2Rx4/3200/ECC HLS | D281: 内存 | E281: 广州 | F281: 1 | G281: nd12，东莞供应 | H281: =VLOOKUP(B281,[2]各库区库存!$A:$B,2,0) -> 302-003754
A282: 302-002898 | B282: =A282 -> 302-002898 | C282: CC RAID卡超级电容（SP686C） | D282: 超级电容 | E282: 成都 | F282: 1 | G282: 4h，等转储 | H282: =VLOOKUP(B282,[2]各库区库存!$A:$B,2,0) -> 302-002898
A283: 302-004004 | B283: =A283 -> 302-004004 | C283: S主板S920X20-2*7270E(64C@2.8G)-AA | D283: 主板 | E283: 长沙 | F283: 1 | G283: 采购中，新机型920B主板，产品回复同302-003989是低阶，302-003989可作为临时替代方案过渡 | H283: =VLOOKUP(B283,[2]各库区库存!$A:$B,2,0) -> #N/A
A284: 302-001555 | B284: =A284 -> 302-001555 | D284: 主板 | E284: 哈尔滨 | F284: 1 | G284: nd27，沈阳供应 | H284: =VLOOKUP(B284,[2]各库区库存!$A:$B,2,0) -> 302-001555
A285: 302-000686 | B285: =VLOOKUP(A285,[1]备料总表!$B:$I,8,0) -> 99-000686 | C285: RAID扣卡 SR430C(LSI3108)-2GB Cache | D285: RAID卡 | E285: 长春 | F285: 1 | G285: nd3，沈阳共用或者哈尔滨供应 | H285: =VLOOKUP(B285,[2]各库区库存!$A:$B,2,0) -> #N/A
A286: 302-000683 | B286: =A286 -> 302-000683 | C286: 916服务器超级电容LSI3108 2GB Cache | D286: 02311BNX | E286: 长春 | F286: 1 | G286: nd3，沈阳共用或者哈尔滨供应 | H286: =VLOOKUP(B286,[2]各库区库存!$A:$B,2,0) -> 302-000683
A287: 302-002898 | B287: =A287 -> 302-002898 | C287: 电容 | E287: 沈阳 | F287: 1 | G287: nd10，北京供应，等转储 | H287: =VLOOKUP(B287,[2]各库区库存!$A:$B,2,0) -> 302-002898
A288: 302-002507 | B288: =A288 -> 302-002507 | C288: Atlas-500 A2 智能小站60W电源（PAC60S12-AN） | D288: 电源 | E288: 广州 | F288: 1 | G288: nd1，维保待确认，散料增配整机，武汉有1供应 | H288: =VLOOKUP(B288,[2]各库区库存!$A:$B,2,0) -> 302-002507
A289: 302-003160 | B289: =VLOOKUP(A289,[1]备料总表!$B:$I,8,0) -> 99-001802 | C289: 网卡RP2000-SW-2*10Gb-SFP+-PCIe2.0x8 | D289: 网卡 | E289: 厦门 | F289: 1 | G289: nd1，广州供应 | H289: =VLOOKUP(B289,[2]各库区库存!$A:$B,2,0) -> #N/A
A290: 302-002096 | B290: =A290 -> 302-002096 | C290: 灵活网卡TM282-2*25GE/10GE-SFP28-无模 | D290: 灵活网卡 | E290: 沈阳 | F290: 1 | G290: nd5，北京供应 | H290: =VLOOKUP(B290,[2]各库区库存!$A:$B,2,0) -> 302-002096
A291: 302-000261 | B291: =VLOOKUP(A291,[1]备料总表!$B:$I,8,0) -> 99-002658 | C291: S内存DDR4-16G-2933-2Rx8-RD HLS V1.0 | D291: 内存 | E291: 海口 | F291: 1 | G291: nd2，广州供应 | H291: =VLOOKUP(B291,[2]各库区库存!$A:$B,2,0) -> #N/A
A292: 302-001549 | B292: =VLOOKUP(A292,[1]备料总表!$B:$I,8,0) -> 99-001549 | C292: 3*16X SLOT(PCIE X8)DMINI RISER1&2卡-A722 | D292: Riser模组 | E292: 杭州 | F292: 1 | G292: nd30，从南宁召回1再发去杭州 | H292: =VLOOKUP(B292,[2]各库区库存!$A:$B,2,0) -> #N/A
A293: 302-002898 | B293: =A293 -> 302-002898 | C293: 电容 | E293: 济南 | F293: 1 | G293: nd1，北京供应 | H293: =VLOOKUP(B293,[2]各库区库存!$A:$B,2,0) -> 302-002898
A294: 302-003156 | B294: =VLOOKUP(A294,[1]备料总表!$B:$I,8,0) -> 99-003397 | C294: RAID标卡 SP686C-16i-PCIe-2GB Cache-HW | D294: RAID卡 | E294: 济南 | F294: 1 | G294: nd1，北京供应 | H294: =VLOOKUP(B294,[2]各库区库存!$A:$B,2,0) -> #N/A
A295: 302-000250 | B295: =A295 -> 302-000250 | C295: 高速电缆 Mini SAS HD Cable-0.75m | D295: 线缆 | E295: 南京 | F295: 1 | G295: nd2，上海供应 | H295: =VLOOKUP(B295,[2]各库区库存!$A:$B,2,0) -> 302-000250
A296: 302-001823 | B296: =A296 -> 302-001823 | C296: 低速信号线-主板到电源转接板-0.2m | D296: 线缆 | E296: 北京 | F296: 1 | G296: nd2，武汉供应，1290系列机箱 | H296: =VLOOKUP(B296,[2]各库区库存!$A:$B,2,0) -> 302-001823
A297: 302-001828 | B297: =A297 -> 302-001828 | C297: 电源线-转接板到前置背板-0.12m | D297: 线缆 | E297: 北京 | F297: 1 | G297: nd2，武汉供应，1290系列机箱 | H297: =VLOOKUP(B297,[2]各库区库存!$A:$B,2,0) -> 302-001828
A298: 302-002794 | B298: =VLOOKUP(A298,[1]备料总表!$B:$I,8,0) -> 99-002794 | C298: S主板S920S03-1*5220(32C@2.6)AP-1711-3A | D298: 主板 | E298: 北京 | F298: 1 | G298: nd1，武汉供应 | H298: =VLOOKUP(B298,[2]各库区库存!$A:$B,2,0) -> #N/A
A299: 302-004228 | B299: =VLOOKUP(A299,[1]备料总表!$B:$I,8,0) -> 99-003938 | C299: SSD ES3521A V7-3.84T-SATA 2.5读取-HW V1.0 | D299: 硬盘 | E299: 银川 | F299: 1 | G299: 2H25，石嘴山银行，2025/9/25已发1，等转储 | H299: =VLOOKUP(B299,[2]各库区库存!$A:$B,2,0) -> #N/A
A300: 302-002111 | B300: =A300 -> 302-002111 | C300: S电源线国标-C14 PDU直公-C13直母-250V10A-3M-交流 | D300: 电源线 | E300: 南京 | F300: 1 | G300: nd2，上海供应 | H300: =VLOOKUP(B300,[2]各库区库存!$A:$B,2,0) -> 302-002111
A301: 302-004228 | B301: =VLOOKUP(A301,[1]备料总表!$B:$I,8,0) -> 99-003938 | C301: SSD ES3521A V7-3.84T-SATA 2.5读取-HW V1.0 | D301: 硬盘 | E301: 合肥 | F301: 1 | G301: nd23，南京供应，等转储 | H301: =VLOOKUP(B301,[2]各库区库存!$A:$B,2,0) -> #N/A
A302: 302-004228 | B302: =VLOOKUP(A302,[1]备料总表!$B:$I,8,0) -> 99-003938 | C302: SSD ES3521A V7-3.84T-SATA 2.5读取-HW V1.0 | D302: 硬盘 | E302: 北京 | F302: 1 | G302: nd36，等转储 | H302: =VLOOKUP(B302,[2]各库区库存!$A:$B,2,0) -> #N/A
A303: 302-004228 | B303: =VLOOKUP(A303,[1]备料总表!$B:$I,8,0) -> 99-003938 | C303: SSD ES3521A V7-3.84T-SATA 2.5读取-HW V1.0 | D303: 硬盘 | E303: 上海 | F303: 1 | G303: 2H126，等转储 | H303: =VLOOKUP(B303,[2]各库区库存!$A:$B,2,0) -> #N/A
A304: 302-002898 | B304: =A304 -> 302-002898 | C304: CC RAID卡超级电容（SP686C） | D304: 超级电容 | E304: 重庆 | F304: 1 | G304: 4h2，等转储，成都供应 | H304: =VLOOKUP(B304,[2]各库区库存!$A:$B,2,0) -> 302-002898
A305: 302-001823 | B305: =A305 -> 302-001823 | C305: 低速信号线-主板到电源转接板-0.2m | D305: 线缆 | E305: 北京 | F305: 1 | G305: nd133,1290机箱线缆，武汉供应 | H305: =VLOOKUP(B305,[2]各库区库存!$A:$B,2,0) -> 302-001823
A306: 302-001824 | B306: =A306 -> 302-001824 | C306: 电源线-主板到电源转接板-0.18m | D306: 线缆 | E306: 北京 | F306: 1 | G306: nd133,1290机箱线缆，武汉供应 | H306: =VLOOKUP(B306,[2]各库区库存!$A:$B,2,0) -> 302-001824
A307: 302-001828 | B307: =A307 -> 302-001828 | C307: 电源线-转接板到前置背板-0.12m | D307: 线缆 | E307: 北京 | F307: 1 | G307: nd133,1290机箱线缆，武汉供应 | H307: =VLOOKUP(B307,[2]各库区库存!$A:$B,2,0) -> 302-001828
A308: 302-001835 | B308: =A308 -> 302-001835 | C308: S916右挂耳-BC11RCIB | D308: 挂耳 | E308: 北京 | F308: 1 | G308: nd2，1290机箱线缆，武汉供应 | H308: =VLOOKUP(B308,[2]各库区库存!$A:$B,2,0) -> 302-001835
A309: 302-001836 | B309: =A309 -> 302-001836 | C309: S916左挂耳-BC11LCIB | D309: 挂耳 | E309: 北京 | F309: 1 | G309: nd2，1290机箱线缆，武汉供应 | H309: =VLOOKUP(B309,[2]各库区库存!$A:$B,2,0) -> 302-001836
A310: 302-004217 | B310: =A310 -> 302-004217 | C310: 高速电缆-内部PCIe高速线缆-0.2m | D310: 线缆 | E310: 北京 | F310: 1 | G310: nd133,1290机箱线缆，武汉供应 | H310: =VLOOKUP(B310,[2]各库区库存!$A:$B,2,0) -> 302-004217
A311: 302-004218 | B311: =A311 -> 302-004218 | C311: 高速电缆-内部PCIe高速线缆-0.335m | D311: 线缆 | E311: 北京 | F311: 1 | G311: nd133,1290机箱线缆，武汉供应 | H311: =VLOOKUP(B311,[2]各库区库存!$A:$B,2,0) -> 302-004218
A312: 302-004224 | B312: =A312 -> 302-004224 | C312: 高速电缆-内部PCIe高速线缆-0.335m | D312: 线缆 | E312: 北京 | F312: 1 | G312: nd133,1290机箱线缆，武汉供应 | H312: =VLOOKUP(B312,[2]各库区库存!$A:$B,2,0) -> 302-004224
A313: 302-002409 | B313: =A313 -> 302-002409 | C313: 自研海光-OCP网卡,深圳瑞联,电口4GE,Intel I350,NCSI | D313: 其他板卡 | E313: 成都 | F313: 1 | G313: nd2,4U8卡项目，南威多模型一体机采购，武汉供应 | H313: =VLOOKUP(B313,[2]各库区库存!$A:$B,2,0) -> 302-002409
A314: 302-003488 | B314: =A314 -> 302-003488 | C314: 自研海光电源模块,标准CRPS,2000W,AC转DC12V,高斯宝G1401-2000W | D314: 电源 | E314: 成都 | F314: 1 | G314: nd8,4U8卡项目，南威多模型一体机采购，武汉供应 | H314: =VLOOKUP(B314,[2]各库区库存!$A:$B,2,0) -> 302-003488
A315: 304-000701 | B315: =A315 -> 304-000701 | C315: 典配L6-4U8卡机-包含SW板、扩展板等； | D315: L6典配 | E315: 成都 | F315: 1 | G315: nd2,4U8卡项目，南威多模型一体机采购，采购中，待采购回复交期 | H315: =VLOOKUP(B315,[2]各库区库存!$A:$B,2,0) -> #N/A
A316: 302-000329 | B316: =VLOOKUP(A316,[1]备料总表!$B:$I,8,0) -> 99-000333 | C316: RAID扣卡 SR450C-M 2G(Avago3508) 4U | D316: RAID卡 | E316: 厦门 | F316: 1 | G316: nd1，福州供应 | H316: =VLOOKUP(B316,[2]各库区库存!$A:$B,2,0) -> #N/A
A317: 302-004228 | B317: =VLOOKUP(A317,[1]备料总表!$B:$I,8,0) -> 99-003938 | C317: SSD ES3521A V7-3.84T-SATA 2.5读取-HW V1.0 | D317: 硬盘 | E317: 广州 | F317: 1 | G317: nd3，武汉供应，等转储 | H317: =VLOOKUP(B317,[2]各库区库存!$A:$B,2,0) -> #N/A
A318: 302-004228 | B318: =VLOOKUP(A318,[1]备料总表!$B:$I,8,0) -> 99-003938 | C318: SSD ES3521A V7-3.84T-SATA 2.5读取-HW V1.0 | D318: 硬盘 | E318: 西安 | F318: 1 | G318: nd15，武汉供应，等转储 | H318: =VLOOKUP(B318,[2]各库区库存!$A:$B,2,0) -> #N/A
A319: 302-001882 | B319: 99-001882 | C319: S主板S920S10-2*5220(32C@2.6G) AD | D319: 主板 | E319: 成都 | F319: 1 | G319: nd13，XNS集采项目第二批347台，稀缺主板北京供应 | H319: 0
